{
    "rd_stats_preprocessd": {
        "mean": 58.47112418237331,
        "std": 3.748725977590922,
        "min_val": 37.59535773996415,
        "max_val": 119.08313902425246
    },
    "ra_stats_preprocessd": {
        "mean": 56.00209075744539,
        "std": 5.761533706342814,
        "min_val": 40.40928894952408,
        "max_val": 103.80548746494114
    },
    "ad_stats_preprocessd": {
        "mean": 59.62242439612111,
        "std": 4.21209236831454,
        "min_val": 54.42604354196056,
        "max_val": 105.79746676271202
    },
    "rad_stats": {
        "mean": 58.14390563964844,
        "std": 201.47974344389476,
        "min_val": 0.00019833954866044223,
        "max_val": 152759.25
    }
}