{
    "2D": {
        "rd_stats_preprocessd": {
            "mean": 58.47112418237331,
            "std": 3.748725977590922,
            "min_val": 37.59535773996415,
            "max_val": 119.08313902425246
        },
        "ra_stats_preprocessd": {
            "mean": 56.00209075744539,
            "std": 5.761533706342814,
            "min_val": 40.40928894952408,
            "max_val": 103.80548746494114
        },
        "ad_stats_preprocessd": {
            "mean": 59.62242439612111,
            "std": 4.21209236831454,
            "min_val": 54.42604354196056,
            "max_val": 105.79746676271202
        }
    },
    "rad_stats": {
        "mean": 58.14390563964844,
        "std": 201.47974344389476,
        "min_val": 0.00019833954866044223,
        "max_val": 152759.25
    },
    "rad_mod_stats": {
        "rad": {
            "mean": 3.2089078126327877,
            "std": 0.4990515775932057,
            "min_val": -4.309040105507728,
            "max_val": 9.81669268455572
        },
        "rd_stats_preprocessd": {
            "mean": 3.2089078126327877,
            "std": 0.31772753432857864,
            "min_val": 1.1331974338140791,
            "max_val": 8.84227212535498
        },
        "ra_stats_preprocessd": {
            "mean": 3.2089078126327877,
            "std": 0.2375923772298369,
            "min_val": 1.8463171142796169,
            "max_val": 7.411597867781383
        },
        "ad_stats_preprocessd": {
            "mean": 3.2089078126327877,
            "std": 0.17385396357314836,
            "min_val": 2.772461353134955,
            "max_val": 6.179747169456954
        }
    }
}