{
    "rd_stats_preprocessd": {
        "mean": 58.47112418237331,
        "std": 3.748725977590922,
        "min_val": 56.85028872249451,
        "max_val": 61.957485309015425
    },
    "ra_stats_preprocessd": {
        "mean": 56.00209075744539,
        "std": 5.761533706342814,
        "min_val": 53.38289668598211,
        "max_val": 60.36561540685754
    },
    "ad_stats_preprocessd": {
        "mean": 59.62242439612111,
        "std": 4.21209236831454,
        "min_val": 58.127147366396514,
        "max_val": 74.98259385423846
    },
    "rad_stats": {
        "mean": 58.14390563964844,
        "std": 201.47974344389476,
        "min_val": 49.4835205078125,
        "max_val": 154.2694854736328
    }
}